# hist,2 days,3 days,4 days,1 weeks,1 weeks,2 weeks,3 weeks,1 months,2 months,3 months,4 months,5 months,6 months,7 months,8 months,9 months,10 months,11 months,1 years
-9.80000,0.00000,0.00000,0.00000,0.00000,0.00000,0.00000,0.00000,0.00000,0.00000,0.00000,0.00000,0.00000,0.00000,0.00000,0.00000,0.00000,0.00000,0.00000,0.00000
-9.60000,0.00000,0.00000,0.00000,0.00000,0.00000,0.00000,0.00000,0.00000,0.00000,0.00000,0.00000,0.00000,0.00000,0.00000,0.00000,0.00000,0.00000,0.00000,0.00000
-9.40000,0.00000,0.00000,0.00000,0.00000,0.00000,0.00000,0.00000,0.00000,0.00000,0.00000,0.00000,0.00000,0.00000,0.00000,0.00000,0.00000,0.00000,0.00000,0.00000
-9.20000,0.00000,0.00000,0.00000,0.00000,0.00000,0.00000,0.00000,0.00000,0.00000,0.00000,0.00000,0.00000,0.00000,0.00000,0.00000,0.00000,0.00000,0.00000,0.00000
-9.00000,0.00000,0.00000,0.00000,0.00000,0.00000,0.00000,0.00000,0.00000,0.00000,0.00000,0.00000,0.00000,0.00000,0.00000,0.00000,0.00000,0.00000,0.00000,0.00000
-8.80000,0.00000,0.00000,0.00000,0.00000,0.00000,0.00000,0.00000,0.00000,0.00000,0.00000,0.00000,0.00000,0.00000,0.00000,0.00000,0.00000,0.00000,0.00000,0.00000
-8.60000,0.00000,0.00000,0.00000,0.00000,0.00000,0.00000,0.00000,0.00000,0.00000,0.00000,0.00000,0.00000,0.00000,0.00000,0.00000,0.00000,0.00000,0.00000,0.00000
-8.40000,0.00000,0.00000,0.00000,0.00000,0.00000,0.00000,0.00000,0.00000,0.00000,0.00000,0.00000,0.00000,0.00000,0.00000,0.00000,0.00000,0.00000,0.00000,0.00000
-8.20000,0.00000,0.00000,0.00000,0.00000,0.00000,0.00000,0.00000,0.00000,0.00000,0.00000,0.00000,0.00000,0.00000,0.00000,0.00000,0.00000,0.00000,0.00000,0.00000
-8.00000,0.00000,0.00000,0.00000,0.00000,0.00000,0.00000,0.00000,0.00000,0.00000,0.00000,0.00000,0.00000,0.00000,0.00000,0.00000,0.00000,0.00000,0.00000,0.00000
-7.80000,0.00000,0.00000,0.00000,0.00000,0.00000,0.00000,0.00000,0.00000,0.00000,0.00000,0.00000,0.00000,0.00000,0.00000,0.00000,0.00000,0.00000,0.00000,0.00000
-7.60000,0.00000,0.00000,0.00000,0.00000,0.00000,0.00000,0.00000,0.00000,0.00000,0.00000,0.00000,0.00000,0.00000,0.00000,0.00000,0.00000,0.00000,0.00000,0.00000
-7.40000,0.00000,0.00000,0.00000,0.00000,0.00000,0.00000,0.00000,0.00000,0.00000,0.00000,0.00000,0.00000,0.00000,0.00000,0.00000,0.00000,0.00000,0.00000,0.00000
-7.20000,0.00000,0.00000,0.00000,0.00000,0.00000,0.00000,0.00000,0.00000,0.00000,0.00000,0.00000,0.00000,0.00000,0.00000,0.00000,0.00000,0.00000,0.00000,0.00000
-7.00000,0.00000,0.00000,0.00000,0.00000,0.00000,0.00000,0.00000,0.00000,0.00000,0.00000,0.00000,0.00000,0.00000,0.00000,0.00000,0.00000,0.00000,0.00000,0.00000
-6.80000,0.00000,0.00000,0.00000,0.00000,0.00000,0.00000,0.00000,0.00000,0.00000,0.00000,0.00000,0.00000,0.00000,0.00000,0.00000,0.00000,0.00000,0.00000,0.00000
-6.60000,0.00000,0.00000,0.00000,0.00000,0.00000,0.00000,0.00000,0.00000,0.00000,0.00000,0.00000,0.00000,0.00000,0.00000,0.00000,0.00000,0.00000,0.00000,0.00000
-6.40000,0.00000,0.00000,0.00000,0.00000,0.00000,0.00000,0.00000,0.00000,0.00000,0.00000,0.00000,0.00000,0.00000,0.00000,0.00000,0.00000,0.00000,0.00000,0.00000
-6.20000,0.00000,0.00000,0.00000,0.00000,0.00000,0.00000,0.00000,0.00000,0.00000,0.00000,0.00000,0.00000,0.00000,0.00000,0.00000,0.00000,0.00000,0.00000,0.00000
-6.00000,0.00000,0.00000,0.00000,0.00000,0.00000,0.00000,0.00000,0.00000,0.00000,0.00000,0.00000,0.00000,0.00000,0.00000,0.00000,0.00000,0.00000,0.00000,0.00000
-5.80000,0.00000,0.00000,0.00000,0.00000,0.00000,0.00000,0.00000,0.00000,0.00000,0.00000,0.00000,0.00000,0.00000,0.00000,0.00000,0.00000,0.00000,0.00000,0.00000
-5.60000,0.00000,0.00000,0.00000,0.00000,0.00000,0.00000,0.00000,0.00000,0.00000,0.00000,0.00000,0.00000,0.00000,0.00000,0.00000,0.00000,0.00000,0.00000,0.00000
-5.40000,0.00000,0.00000,0.00000,0.00000,0.00000,0.00000,0.00000,0.00000,0.00000,0.00000,0.00000,0.00000,0.00000,0.00000,0.00000,0.00000,0.00000,0.00000,0.00000
-5.20000,0.00000,0.00000,0.00000,0.00000,0.00000,0.00000,0.00000,0.00000,0.00000,0.00000,0.00000,0.00000,0.00000,0.00000,0.00000,0.00000,0.00000,0.00000,0.00000
-5.00000,0.00000,0.00000,0.00000,0.00000,0.00000,0.00000,0.00000,0.00000,0.00000,0.00000,0.00000,0.00000,0.00000,0.00000,0.00000,0.00000,0.00000,0.00000,0.00000
-4.80000,0.00000,0.00000,0.00000,0.00000,0.00000,0.00000,0.00000,0.00000,0.00000,0.00000,0.00000,0.00000,0.00000,0.00000,0.00000,0.00000,0.00000,0.00000,0.00000
-4.60000,0.00070,0.00070,0.00000,0.00000,0.00000,0.00000,0.00000,0.00000,0.00000,0.00000,0.00000,0.00000,0.00000,0.00000,0.00000,0.00000,0.00000,0.00000,0.00000
-4.40000,0.00070,0.00070,0.00000,0.00000,0.00000,0.00000,0.00000,0.00000,0.00000,0.00000,0.00000,0.00000,0.00000,0.00000,0.00000,0.00000,0.00000,0.00000,0.00000
-4.20000,0.00070,0.00070,0.00000,0.00000,0.00000,0.00000,0.00000,0.00000,0.00000,0.00000,0.00000,0.00000,0.00000,0.00000,0.00000,0.00000,0.00000,0.00000,0.00000
-4.00000,0.00070,0.00070,0.00000,0.00000,0.00000,0.00000,0.00000,0.00000,0.00000,0.00000,0.00000,0.00000,0.00000,0.00000,0.00000,0.00000,0.00000,0.00000,0.00000
-3.80000,0.00070,0.00070,0.00000,0.00000,0.00000,0.00000,0.00000,0.00000,0.00000,0.00000,0.00000,0.00000,0.00000,0.00000,0.00000,0.00000,0.00000,0.00000,0.00000
-3.60000,0.00070,0.00070,0.00000,0.00000,0.00000,0.00000,0.00000,0.00000,0.00000,0.00000,0.00000,0.00000,0.00000,0.00000,0.00000,0.00000,0.00000,0.00000,0.00000
-3.40000,0.00070,0.00070,0.00000,0.00000,0.00000,0.00000,0.00000,0.00000,0.00000,0.00000,0.00000,0.00000,0.00000,0.00000,0.00000,0.00000,0.00000,0.00000,0.00000
-3.20000,0.00070,0.00070,0.00000,0.00000,0.00000,0.00000,0.00000,0.00000,0.00000,0.00000,0.00000,0.00000,0.00000,0.00000,0.00000,0.00000,0.00000,0.00000,0.00000
-3.00000,0.00070,0.00070,0.00000,0.00000,0.00000,0.00000,0.00000,0.00000,0.00000,0.00000,0.00000,0.00000,0.00000,0.00000,0.00000,0.00000,0.00000,0.00000,0.00000
-2.80000,0.00070,0.00070,0.00070,0.00000,0.00000,0.00000,0.00000,0.00000,0.00000,0.00000,0.00000,0.00000,0.00000,0.00000,0.00000,0.00000,0.00000,0.00000,0.00000
-2.60000,0.00141,0.00141,0.00141,0.00070,0.00000,0.00000,0.00000,0.00000,0.00000,0.00000,0.00000,0.00000,0.00000,0.00000,0.00000,0.00000,0.00000,0.00000,0.00000
-2.40000,0.00351,0.00281,0.00281,0.00070,0.00000,0.00000,0.00000,0.00000,0.00000,0.00000,0.00000,0.00000,0.00000,0.00000,0.00000,0.00000,0.00000,0.00000,0.00000
-2.20000,0.00351,0.00281,0.00281,0.00070,0.00000,0.00000,0.00000,0.00000,0.00000,0.00000,0.00000,0.00000,0.00000,0.00000,0.00000,0.00000,0.00000,0.00000,0.00000
-2.00000,0.00492,0.00352,0.00281,0.00141,0.00000,0.00000,0.00000,0.00000,0.00000,0.00000,0.00000,0.00000,0.00000,0.00000,0.00000,0.00000,0.00000,0.00000,0.00000
-1.80000,0.00492,0.00352,0.00281,0.00141,0.00000,0.00000,0.00000,0.00000,0.00000,0.00000,0.00000,0.00000,0.00000,0.00000,0.00000,0.00000,0.00000,0.00000,0.00000
-1.60000,0.00703,0.00633,0.00352,0.00211,0.00141,0.00000,0.00000,0.00000,0.00000,0.00000,0.00000,0.00000,0.00000,0.00000,0.00000,0.00000,0.00000,0.00000,0.00000
-1.40000,0.00914,0.00844,0.00493,0.00352,0.00282,0.00141,0.00142,0.00071,0.00072,0.00073,0.00000,0.00000,0.00000,0.00000,0.00000,0.00000,0.00000,0.00000,0.00000
-1.20000,0.01335,0.01125,0.00774,0.00563,0.00564,0.00283,0.00284,0.00214,0.00072,0.00073,0.00000,0.00000,0.00000,0.00000,0.00000,0.00000,0.00000,0.00000,0.00000
-1.00000,0.01897,0.01617,0.01267,0.00775,0.00705,0.00424,0.00355,0.00285,0.00145,0.00073,0.00000,0.00000,0.00000,0.00000,0.00000,0.00000,0.00000,0.00000,0.00000
-0.80000,0.02952,0.02180,0.01759,0.01338,0.01198,0.00778,0.00639,0.00499,0.00289,0.00073,0.00000,0.00000,0.00000,0.00000,0.00000,0.00000,0.00000,0.00000,0.00000
-0.60000,0.04146,0.03024,0.02252,0.01549,0.01339,0.00849,0.00710,0.00499,0.00361,0.00147,0.00000,0.00000,0.00000,0.00000,0.00000,0.00000,0.00000,0.00000,0.00000
-0.40000,0.06606,0.04290,0.03237,0.02465,0.02044,0.01485,0.01065,0.00783,0.00650,0.00220,0.00074,0.00076,0.00077,0.00000,0.00000,0.00000,0.00000,0.00000,0.00000
-0.20000,0.08995,0.06329,0.04645,0.03662,0.03171,0.02122,0.01490,0.01068,0.00939,0.00220,0.00149,0.00151,0.00077,0.00000,0.00000,0.00000,0.00000,0.00000,0.00000
-0.00000,0.13001,0.08790,0.06685,0.05493,0.04651,0.02687,0.02058,0.01425,0.01012,0.00367,0.00298,0.00302,0.00153,0.00078,0.00079,0.00080,0.00000,0.00000,0.00000
0.20000,0.18060,0.12799,0.10134,0.08873,0.07400,0.04173,0.03052,0.02137,0.01301,0.00733,0.00446,0.00378,0.00230,0.00078,0.00079,0.00080,0.00000,0.00000,0.00000
0.40000,0.24455,0.17722,0.14356,0.12817,0.10994,0.06506,0.04897,0.03419,0.01879,0.01173,0.00595,0.00529,0.00383,0.00156,0.00079,0.00080,0.00000,0.00000,0.00000
0.60000,0.33872,0.23980,0.19353,0.16831,0.14870,0.08982,0.06246,0.04345,0.02240,0.01320,0.00893,0.00680,0.00537,0.00312,0.00237,0.00241,0.00000,0.00000,0.00000
0.80000,0.45116,0.33052,0.27727,0.24225,0.21001,0.13508,0.09723,0.07407,0.03179,0.02126,0.01190,0.00906,0.00613,0.00389,0.00316,0.00322,0.00000,0.00000,0.00000
1.00000,0.56500,0.42546,0.35961,0.31056,0.27907,0.17327,0.12704,0.10185,0.04408,0.03299,0.02158,0.01737,0.01457,0.01168,0.01108,0.01125,0.00408,0.00249,0.00000
1.20000,0.66901,0.52321,0.43702,0.38239,0.33968,0.22065,0.17175,0.14174,0.06720,0.04545,0.03051,0.02266,0.01840,0.01480,0.01424,0.01367,0.00654,0.00332,0.00000
1.40000,0.74631,0.62166,0.53695,0.46761,0.41931,0.26096,0.20227,0.17165,0.08743,0.05865,0.04241,0.03323,0.02837,0.02414,0.02294,0.02251,0.01389,0.00831,0.00000
1.60000,0.81237,0.70323,0.61295,0.54296,0.48908,0.31259,0.24202,0.20299,0.10694,0.06891,0.05357,0.04381,0.03604,0.03193,0.03085,0.02733,0.01716,0.01080,0.00000
1.80000,0.85594,0.75879,0.67488,0.60563,0.55250,0.37624,0.29028,0.24573,0.13295,0.08211,0.06324,0.05438,0.04448,0.03894,0.03718,0.03215,0.02206,0.01246,0.00000
2.00000,0.89529,0.80802,0.73329,0.67324,0.61945,0.43140,0.32576,0.27635,0.16329,0.10191,0.08333,0.06798,0.05521,0.04907,0.04747,0.04180,0.02859,0.01827,0.00000
2.20000,0.91989,0.85795,0.78255,0.73099,0.68358,0.48868,0.36835,0.31197,0.18858,0.12023,0.09896,0.08535,0.06748,0.06075,0.05775,0.05064,0.03676,0.02409,0.00258
2.40000,0.94589,0.88678,0.82618,0.77887,0.72657,0.53253,0.40667,0.33618,0.21315,0.13856,0.11310,0.09743,0.07822,0.06854,0.06566,0.05868,0.04330,0.03073,0.00601
2.60000,0.96275,0.91491,0.86418,0.82042,0.77237,0.59406,0.45493,0.37322,0.24205,0.15836,0.12798,0.11329,0.09202,0.08178,0.07674,0.06994,0.05310,0.03904,0.01031
2.80000,0.97259,0.93741,0.89937,0.85775,0.80832,0.64569,0.50248,0.40954,0.27673,0.18182,0.14658,0.12462,0.10046,0.08879,0.08386,0.07637,0.05801,0.04319,0.01203
3.00000,0.97892,0.95359,0.92259,0.88592,0.84919,0.68741,0.55075,0.45085,0.30202,0.20381,0.16667,0.14199,0.11503,0.10202,0.09573,0.09003,0.06781,0.04900,0.01460
3.20000,0.98384,0.96203,0.93385,0.90211,0.87245,0.71641,0.59972,0.49501,0.33671,0.22727,0.18527,0.15710,0.12807,0.11526,0.10839,0.10450,0.07925,0.05399,0.02234
3.40000,0.98454,0.96554,0.94511,0.91690,0.88865,0.75248,0.63307,0.52778,0.35549,0.24267,0.19643,0.16163,0.13267,0.11994,0.11155,0.10852,0.08170,0.05648,0.02320
3.60000,0.98665,0.96976,0.95355,0.93380,0.90839,0.77793,0.66572,0.56197,0.37572,0.26320,0.21131,0.17221,0.14494,0.12773,0.11867,0.11576,0.08987,0.06146,0.02663
3.80000,0.98876,0.97398,0.95848,0.94437,0.92600,0.80764,0.70759,0.60114,0.39812,0.28886,0.22619,0.18429,0.15567,0.13785,0.12816,0.12379,0.09722,0.06977,0.03179
4.00000,0.98876,0.97961,0.96552,0.95000,0.93587,0.83310,0.73669,0.63960,0.41474,0.31085,0.24479,0.19486,0.16871,0.15109,0.13924,0.13424,0.10866,0.07807,0.03780
4.20000,0.99227,0.98242,0.97044,0.95845,0.94362,0.85714,0.76011,0.66667,0.43425,0.33138,0.25967,0.20393,0.17485,0.15810,0.14715,0.14148,0.11683,0.08638,0.04467
4.40000,0.99297,0.98523,0.97396,0.96408,0.95349,0.87553,0.78708,0.70726,0.45882,0.35557,0.27827,0.21299,0.17868,0.16121,0.15269,0.14550,0.12337,0.09219,0.04811
4.60000,0.99297,0.98805,0.97748,0.97113,0.95842,0.89250,0.81405,0.73504,0.47760,0.37683,0.29241,0.22659,0.19095,0.17290,0.16218,0.15675,0.13399,0.10216,0.05412
4.80000,0.99438,0.98875,0.98170,0.97465,0.96335,0.91160,0.83605,0.76211,0.49494,0.39663,0.31101,0.24245,0.19939,0.17835,0.16772,0.16318,0.14134,0.10797,0.05842
5.00000,0.99649,0.99156,0.98593,0.97746,0.96829,0.92362,0.85593,0.78917,0.51156,0.41276,0.33408,0.25529,0.21089,0.18380,0.17484,0.17042,0.14951,0.11628,0.06357
5.20000,0.99719,0.99437,0.98733,0.97958,0.97040,0.92786,0.87225,0.81054,0.53468,0.43842,0.35119,0.27417,0.21933,0.19003,0.18117,0.17444,0.15359,0.12209,0.06357
5.40000,0.99719,0.99508,0.98874,0.98169,0.97463,0.93918,0.88786,0.83120,0.56214,0.46554,0.37054,0.29154,0.22623,0.19315,0.18592,0.17926,0.15768,0.12708,0.06701
5.60000,0.99930,0.99508,0.98944,0.98310,0.97815,0.94837,0.90561,0.85328,0.58743,0.48607,0.38765,0.30438,0.23850,0.20249,0.19541,0.18489,0.16340,0.13206,0.06959
5.80000,0.99930,0.99508,0.99085,0.98380,0.98027,0.95403,0.91696,0.86538,0.60910,0.50733,0.40476,0.32100,0.24923,0.21184,0.20491,0.19293,0.16993,0.14037,0.07388
6.00000,0.99930,0.99719,0.99296,0.98592,0.98238,0.95827,0.92832,0.88034,0.62717,0.52566,0.42411,0.33610,0.26074,0.21963,0.21123,0.20177,0.17892,0.14950,0.08419
6.20000,1.00000,0.99719,0.99296,0.98873,0.98661,0.96464,0.93400,0.89387,0.65607,0.54399,0.43899,0.35574,0.26994,0.22819,0.21915,0.20579,0.18301,0.15365,0.08763
6.40000,1.00000,0.99789,0.99367,0.99085,0.98802,0.97030,0.94464,0.90812,0.67558,0.55645,0.46057,0.38066,0.28834,0.24143,0.22785,0.21141,0.18791,0.15864,0.09278
6.60000,1.00000,0.99789,0.99507,0.99225,0.98872,0.97595,0.95316,0.92023,0.69942,0.56818,0.47991,0.39653,0.30061,0.25312,0.23813,0.21704,0.19444,0.16362,0.09794
6.80000,1.00000,0.99789,0.99648,0.99225,0.99084,0.97737,0.95742,0.93162,0.72616,0.58431,0.49628,0.41088,0.31595,0.26791,0.25079,0.22588,0.20180,0.17027,0.10567
7.00000,1.00000,0.99930,0.99789,0.99437,0.99366,0.98091,0.96380,0.93946,0.74350,0.60411,0.51265,0.42674,0.32899,0.28271,0.26345,0.23151,0.21078,0.17608,0.11168
7.20000,1.00000,0.99930,0.99789,0.99577,0.99436,0.98232,0.96735,0.94444,0.75939,0.62537,0.52827,0.44184,0.33972,0.29439,0.27057,0.23633,0.21487,0.17940,0.11426
7.40000,1.00000,0.99930,0.99859,0.99718,0.99577,0.98444,0.97019,0.95085,0.77962,0.64296,0.55357,0.45997,0.35199,0.30685,0.27927,0.24196,0.22059,0.18605,0.12199
7.60000,1.00000,0.99930,0.99859,0.99859,0.99718,0.98939,0.97871,0.96011,0.79624,0.65762,0.56622,0.47432,0.35966,0.31854,0.28560,0.24920,0.22386,0.18771,0.12543
7.80000,1.00000,0.99930,0.99859,0.99859,0.99718,0.99010,0.98084,0.96225,0.81431,0.66935,0.58482,0.48792,0.37270,0.33022,0.29035,0.25402,0.22958,0.19020,0.12887
8.00000,1.00000,1.00000,0.99930,0.99859,0.99718,0.99151,0.98155,0.96581,0.82876,0.67889,0.59598,0.50604,0.39110,0.34268,0.30538,0.26849,0.24101,0.20183,0.13918
8.20000,1.00000,1.00000,0.99930,0.99859,0.99718,0.99293,0.98368,0.96937,0.84610,0.69501,0.61533,0.51737,0.40721,0.34969,0.31804,0.27653,0.24592,0.21179,0.14691
8.40000,1.00000,1.00000,0.99930,0.99930,0.99718,0.99505,0.98439,0.97222,0.86199,0.70381,0.63467,0.53021,0.42331,0.35826,0.32991,0.29019,0.25408,0.21595,0.15378
8.60000,1.00000,1.00000,1.00000,0.99930,0.99789,0.99505,0.98510,0.97721,0.87789,0.72214,0.64807,0.54834,0.44479,0.36994,0.34019,0.29743,0.26062,0.22508,0.16409
8.80000,1.00000,1.00000,1.00000,0.99930,0.99789,0.99505,0.98581,0.97863,0.88801,0.73314,0.65848,0.56647,0.46089,0.37617,0.34810,0.30788,0.27288,0.23007,0.17182
9.00000,1.00000,1.00000,1.00000,0.99930,0.99859,0.99505,0.98793,0.98006,0.89884,0.75147,0.67039,0.58233,0.48160,0.38551,0.35285,0.31752,0.28023,0.23837,0.18299
9.20000,1.00000,1.00000,1.00000,0.99930,0.99930,0.99505,0.98864,0.98219,0.91474,0.76466,0.68229,0.60347,0.50077,0.39798,0.36392,0.32958,0.29167,0.24336,0.19072
9.40000,1.00000,1.00000,1.00000,0.99930,0.99930,0.99576,0.99006,0.98433,0.92558,0.78592,0.70313,0.62236,0.52454,0.41433,0.37263,0.33682,0.29902,0.25249,0.19845
9.60000,1.00000,1.00000,1.00000,0.99930,0.99930,0.99646,0.99077,0.98575,0.93497,0.79985,0.71875,0.63520,0.54141,0.42835,0.38133,0.34727,0.30637,0.25997,0.20619
9.80000,1.00000,1.00000,1.00000,0.99930,0.99930,0.99859,0.99290,0.98718,0.94147,0.81598,0.73289,0.64955,0.55828,0.44003,0.39320,0.35289,0.31373,0.26661,0.21392
10.00000,1.00000,1.00000,1.00000,0.99930,0.99930,0.99859,0.99432,0.98718,0.94798,0.82771,0.74330,0.66012,0.57669,0.45093,0.39794,0.36013,0.31944,0.27575,0.22680
10.20000,1.00000,1.00000,1.00000,0.99930,0.99930,0.99929,0.99432,0.98932,0.95592,0.84238,0.75298,0.66994,0.59509,0.46729,0.40902,0.36977,0.32925,0.28987,0.23540
10.40000,1.00000,1.00000,1.00000,0.99930,0.99930,0.99929,0.99503,0.99074,0.96098,0.85191,0.76339,0.67900,0.60966,0.48287,0.41377,0.37540,0.33497,0.29983,0.23969
10.60000,1.00000,1.00000,1.00000,0.99930,0.99930,0.99929,0.99503,0.99074,0.96387,0.86584,0.77158,0.68807,0.61887,0.49766,0.42563,0.38183,0.34069,0.31063,0.24914
10.80000,1.00000,1.00000,1.00000,1.00000,0.99930,0.99929,0.99574,0.99288,0.96893,0.88270,0.78274,0.70166,0.63804,0.52025,0.43750,0.38907,0.34641,0.32143,0.26031
11.00000,1.00000,1.00000,1.00000,1.00000,0.99930,0.99929,0.99645,0.99501,0.97110,0.89736,0.79092,0.71073,0.64877,0.53583,0.45016,0.40273,0.35294,0.32641,0.26460
11.20000,1.00000,1.00000,1.00000,1.00000,1.00000,0.99929,0.99645,0.99501,0.97399,0.90396,0.80060,0.72432,0.66104,0.54829,0.45728,0.40997,0.35784,0.33306,0.27062
11.40000,1.00000,1.00000,1.00000,1.00000,1.00000,0.99929,0.99645,0.99501,0.97688,0.91496,0.81101,0.73565,0.67561,0.56075,0.46440,0.41801,0.36601,0.33970,0.27405
11.60000,1.00000,1.00000,1.00000,1.00000,1.00000,0.99929,0.99716,0.99501,0.97977,0.92595,0.81920,0.74547,0.68865,0.58022,0.47547,0.42605,0.37500,0.34635,0.28007
11.80000,1.00000,1.00000,1.00000,1.00000,1.00000,0.99929,0.99716,0.99573,0.98121,0.93255,0.82589,0.75529,0.69555,0.59424,0.48418,0.43328,0.38480,0.35216,0.28694
12.00000,1.00000,1.00000,1.00000,1.00000,1.00000,0.99929,0.99716,0.99573,0.98338,0.93915,0.83333,0.76737,0.70782,0.60903,0.49684,0.44453,0.39788,0.35963,0.29210
12.20000,1.00000,1.00000,1.00000,1.00000,1.00000,0.99929,0.99787,0.99573,0.98410,0.94282,0.84226,0.77266,0.71779,0.61760,0.50712,0.45257,0.40605,0.36711,0.29725
12.40000,1.00000,1.00000,1.00000,1.00000,1.00000,0.99929,0.99858,0.99644,0.98555,0.94795,0.85268,0.78323,0.72623,0.63162,0.51424,0.46222,0.41585,0.37126,0.30155
12.60000,1.00000,1.00000,1.00000,1.00000,1.00000,0.99929,0.99858,0.99644,0.98627,0.95235,0.85863,0.79079,0.73390,0.64564,0.52136,0.47267,0.42157,0.37542,0.30756
12.80000,1.00000,1.00000,1.00000,1.00000,1.00000,0.99929,0.99858,0.99644,0.98772,0.95455,0.86979,0.79985,0.74387,0.65888,0.53718,0.48553,0.42892,0.37957,0.30928
13.00000,1.00000,1.00000,1.00000,1.00000,1.00000,0.99929,0.99858,0.99644,0.98844,0.96188,0.88318,0.81118,0.75460,0.67757,0.54826,0.49437,0.43627,0.38372,0.31186
13.20000,1.00000,1.00000,1.00000,1.00000,1.00000,0.99929,0.99858,0.99644,0.98988,0.96261,0.89360,0.82100,0.76150,0.68847,0.55775,0.50884,0.44363,0.39369,0.31873
13.40000,1.00000,1.00000,1.00000,1.00000,1.00000,0.99929,0.99858,0.99644,0.99061,0.96848,0.90104,0.82779,0.77147,0.70249,0.57278,0.51688,0.45670,0.40698,0.32302
13.60000,1.00000,1.00000,1.00000,1.00000,1.00000,0.99929,0.99929,0.99786,0.99205,0.97067,0.91295,0.83761,0.77837,0.71573,0.58465,0.52572,0.46650,0.41777,0.33076
13.80000,1.00000,1.00000,1.00000,1.00000,1.00000,0.99929,0.99929,0.99786,0.99205,0.97141,0.92262,0.84743,0.79141,0.73131,0.60443,0.53296,0.47549,0.42359,0.33419
14.00000,1.00000,1.00000,1.00000,1.00000,1.00000,0.99929,0.99929,0.99786,0.99277,0.97507,0.93378,0.85725,0.80215,0.74143,0.61709,0.54180,0.48693,0.42857,0.33591
14.20000,1.00000,1.00000,1.00000,1.00000,1.00000,0.99929,0.99929,0.99786,0.99422,0.97947,0.94196,0.86631,0.81442,0.74844,0.62816,0.54823,0.49510,0.43937,0.33935
14.40000,1.00000,1.00000,1.00000,1.00000,1.00000,1.00000,0.99929,0.99786,0.99494,0.98094,0.94717,0.87387,0.82439,0.75779,0.63845,0.55788,0.50490,0.45432,0.34107
14.60000,1.00000,1.00000,1.00000,1.00000,1.00000,1.00000,0.99929,0.99786,0.99639,0.98387,0.95313,0.87840,0.83359,0.76558,0.65190,0.57074,0.51307,0.46429,0.34364
14.80000,1.00000,1.00000,1.00000,1.00000,1.00000,1.00000,0.99929,0.99786,0.99639,0.98534,0.95833,0.88746,0.84356,0.78115,0.66693,0.58521,0.52941,0.48173,0.35395
15.00000,1.00000,1.00000,1.00000,1.00000,1.00000,1.00000,0.99929,0.99786,0.99639,0.98534,0.96280,0.89577,0.85506,0.78972,0.67563,0.59164,0.54003,0.49169,0.35825
15.20000,1.00000,1.00000,1.00000,1.00000,1.00000,1.00000,0.99929,0.99786,0.99639,0.98754,0.96949,0.90181,0.86350,0.80296,0.69620,0.60370,0.55229,0.50249,0.36856
15.40000,1.00000,1.00000,1.00000,1.00000,1.00000,1.00000,0.99929,0.99858,0.99783,0.98900,0.97470,0.90785,0.86887,0.80919,0.70965,0.60772,0.56209,0.51080,0.37629
15.60000,1.00000,1.00000,1.00000,1.00000,1.00000,1.00000,0.99929,0.99929,0.99855,0.99120,0.97842,0.91692,0.87807,0.81931,0.72943,0.61977,0.57190,0.51578,0.38832
15.80000,1.00000,1.00000,1.00000,1.00000,1.00000,1.00000,0.99929,0.99929,0.99928,0.99267,0.97842,0.92145,0.88190,0.82477,0.74209,0.62621,0.57843,0.52243,0.39777
16.00000,1.00000,1.00000,1.00000,1.00000,1.00000,1.00000,0.99929,0.99929,0.99928,0.99560,0.97991,0.92749,0.88727,0.83489,0.75633,0.63183,0.58660,0.52575,0.40722
16.20000,1.00000,1.00000,1.00000,1.00000,1.00000,1.00000,0.99929,0.99929,0.99928,0.99707,0.98065,0.93278,0.89187,0.84268,0.77057,0.64068,0.59395,0.53322,0.41924
16.40000,1.00000,1.00000,1.00000,1.00000,1.00000,1.00000,1.00000,0.99929,0.99928,0.99707,0.98289,0.93580,0.89571,0.84657,0.78006,0.65354,0.60131,0.53987,0.42784
16.60000,1.00000,1.00000,1.00000,1.00000,1.00000,1.00000,1.00000,0.99929,0.99928,0.99707,0.98586,0.94033,0.90261,0.85981,0.79430,0.66559,0.61275,0.54651,0.43814
16.80000,1.00000,1.00000,1.00000,1.00000,1.00000,1.00000,1.00000,0.99929,0.99928,0.99780,0.98661,0.94486,0.90491,0.86293,0.80617,0.67605,0.62173,0.55814,0.44674
17.00000,1.00000,1.00000,1.00000,1.00000,1.00000,1.00000,1.00000,0.99929,0.99928,0.99780,0.98735,0.95091,0.91104,0.86682,0.81646,0.68489,0.62582,0.56645,0.45361
17.20000,1.00000,1.00000,1.00000,1.00000,1.00000,1.00000,1.00000,0.99929,0.99928,0.99853,0.98735,0.95468,0.91411,0.86838,0.82358,0.69453,0.63562,0.56977,0.45962
17.40000,1.00000,1.00000,1.00000,1.00000,1.00000,1.00000,1.00000,0.99929,0.99928,0.99853,0.98884,0.95846,0.91794,0.87617,0.83228,0.70338,0.64297,0.57641,0.46649
17.60000,1.00000,1.00000,1.00000,1.00000,1.00000,1.00000,1.00000,0.99929,0.99928,0.99853,0.99033,0.96224,0.92178,0.88162,0.84494,0.71865,0.65114,0.59136,0.47509
17.80000,1.00000,1.00000,1.00000,1.00000,1.00000,1.00000,1.00000,0.99929,0.99928,0.99853,0.99182,0.96526,0.92485,0.88629,0.85285,0.73312,0.65768,0.60133,0.48024
18.00000,1.00000,1.00000,1.00000,1.00000,1.00000,1.00000,1.00000,0.99929,0.99928,0.99853,0.99256,0.96752,0.92868,0.89408,0.86472,0.74759,0.66503,0.60465,0.48883
18.20000,1.00000,1.00000,1.00000,1.00000,1.00000,1.00000,1.00000,0.99929,0.99928,0.99853,0.99256,0.97054,0.93175,0.90265,0.87184,0.76045,0.67157,0.61794,0.49914
18.40000,1.00000,1.00000,1.00000,1.00000,1.00000,1.00000,1.00000,0.99929,0.99928,0.99853,0.99330,0.97432,0.93558,0.90654,0.87737,0.77733,0.67810,0.62292,0.50515
18.60000,1.00000,1.00000,1.00000,1.00000,1.00000,1.00000,1.00000,0.99929,0.99928,0.99853,0.99330,0.97810,0.93635,0.90966,0.88370,0.79100,0.68137,0.63040,0.51976
18.80000,1.00000,1.00000,1.00000,1.00000,1.00000,1.00000,1.00000,0.99929,0.99928,0.99853,0.99330,0.97961,0.93865,0.91199,0.88924,0.80547,0.68791,0.64037,0.52749
19.00000,1.00000,1.00000,1.00000,1.00000,1.00000,1.00000,1.00000,0.99929,0.99928,0.99927,0.99330,0.98036,0.94095,0.91433,0.89399,0.81994,0.69526,0.64369,0.53952
19.20000,1.00000,1.00000,1.00000,1.00000,1.00000,1.00000,1.00000,0.99929,0.99928,0.99927,0.99330,0.98187,0.94248,0.91822,0.89873,0.83360,0.70752,0.65615,0.55155
19.40000,1.00000,1.00000,1.00000,1.00000,1.00000,1.00000,1.00000,0.99929,0.99928,0.99927,0.99405,0.98565,0.94555,0.92290,0.90269,0.84325,0.71650,0.66279,0.55584
19.60000,1.00000,1.00000,1.00000,1.00000,1.00000,1.00000,1.00000,0.99929,0.99928,0.99927,0.99405,0.98565,0.95015,0.92601,0.90427,0.85129,0.72386,0.67193,0.56443
19.80000,1.00000,1.00000,1.00000,1.00000,1.00000,1.00000,1.00000,1.00000,1.00000,0.99927,0.99628,0.98640,0.95245,0.92835,0.90744,0.86254,0.73611,0.68272,0.57990
20.00000,1.00000,1.00000,1.00000,1.00000,1.00000,1.00000,1.00000,1.00000,1.00000,0.99927,0.99702,0.98716,0.95322,0.93069,0.91060,0.87219,0.75082,0.69020,0.58935
20.20000,1.00000,1.00000,1.00000,1.00000,1.00000,1.00000,1.00000,1.00000,1.00000,0.99927,0.99777,0.98867,0.95706,0.93458,0.91456,0.87862,0.75980,0.69934,0.59794
20.40000,1.00000,1.00000,1.00000,1.00000,1.00000,1.00000,1.00000,1.00000,1.00000,1.00000,0.99777,0.98943,0.96166,0.94003,0.91614,0.88264,0.77042,0.70515,0.60223
20.60000,1.00000,1.00000,1.00000,1.00000,1.00000,1.00000,1.00000,1.00000,1.00000,1.00000,0.99777,0.99018,0.96319,0.94393,0.91614,0.88907,0.77859,0.71595,0.60825
20.80000,1.00000,1.00000,1.00000,1.00000,1.00000,1.00000,1.00000,1.00000,1.00000,1.00000,0.99777,0.99094,0.96626,0.94782,0.92089,0.90032,0.79167,0.72757,0.61598
21.00000,1.00000,1.00000,1.00000,1.00000,1.00000,1.00000,1.00000,1.00000,1.00000,1.00000,0.99777,0.99169,0.97086,0.95093,0.92563,0.90756,0.80637,0.74419,0.62715
21.20000,1.00000,1.00000,1.00000,1.00000,1.00000,1.00000,1.00000,1.00000,1.00000,1.00000,0.99777,0.99396,0.97316,0.95327,0.92959,0.91559,0.81536,0.75664,0.63746
21.40000,1.00000,1.00000,1.00000,1.00000,1.00000,1.00000,1.00000,1.00000,1.00000,1.00000,0.99851,0.99396,0.97699,0.95794,0.93354,0.92042,0.82761,0.76412,0.64691
21.60000,1.00000,1.00000,1.00000,1.00000,1.00000,1.00000,1.00000,1.00000,1.00000,1.00000,0.99851,0.99396,0.98006,0.96184,0.94066,0.92605,0.84069,0.77907,0.65636
21.80000,1.00000,1.00000,1.00000,1.00000,1.00000,1.00000,1.00000,1.00000,1.00000,1.00000,0.99851,0.99396,0.98390,0.96495,0.94383,0.93006,0.85131,0.78654,0.66237
22.00000,1.00000,1.00000,1.00000,1.00000,1.00000,1.00000,1.00000,1.00000,1.00000,1.00000,0.99851,0.99396,0.98466,0.96729,0.94620,0.93408,0.86029,0.79568,0.66753
22.20000,1.00000,1.00000,1.00000,1.00000,1.00000,1.00000,1.00000,1.00000,1.00000,1.00000,0.99851,0.99622,0.98696,0.96885,0.95174,0.93971,0.87745,0.80482,0.67698
22.40000,1.00000,1.00000,1.00000,1.00000,1.00000,1.00000,1.00000,1.00000,1.00000,1.00000,0.99851,0.99622,0.98850,0.96963,0.95411,0.94453,0.88889,0.81146,0.68299
22.60000,1.00000,1.00000,1.00000,1.00000,1.00000,1.00000,1.00000,1.00000,1.00000,1.00000,0.99851,0.99698,0.99080,0.97274,0.95886,0.95338,0.89869,0.81728,0.69072
22.80000,1.00000,1.00000,1.00000,1.00000,1.00000,1.00000,1.00000,1.00000,1.00000,1.00000,0.99851,0.99698,0.99156,0.97274,0.96282,0.95659,0.90523,0.82309,0.69845
23.00000,1.00000,1.00000,1.00000,1.00000,1.00000,1.00000,1.00000,1.00000,1.00000,1.00000,0.99851,0.99698,0.99310,0.97741,0.96440,0.95820,0.91258,0.83389,0.70962
23.20000,1.00000,1.00000,1.00000,1.00000,1.00000,1.00000,1.00000,1.00000,1.00000,1.00000,0.99926,0.99698,0.99310,0.97819,0.96677,0.95981,0.92320,0.84718,0.72165
23.40000,1.00000,1.00000,1.00000,1.00000,1.00000,1.00000,1.00000,1.00000,1.00000,1.00000,0.99926,0.99698,0.99310,0.98053,0.96915,0.96302,0.93137,0.85880,0.72852
23.60000,1.00000,1.00000,1.00000,1.00000,1.00000,1.00000,1.00000,1.00000,1.00000,1.00000,0.99926,0.99773,0.99310,0.98131,0.96994,0.96543,0.93954,0.87043,0.73540
23.80000,1.00000,1.00000,1.00000,1.00000,1.00000,1.00000,1.00000,1.00000,1.00000,1.00000,0.99926,0.99773,0.99310,0.98287,0.97231,0.96543,0.94444,0.87458,0.74227
24.00000,1.00000,1.00000,1.00000,1.00000,1.00000,1.00000,1.00000,1.00000,1.00000,1.00000,0.99926,0.99924,0.99387,0.98520,0.97547,0.96865,0.94935,0.88040,0.75172
24.20000,1.00000,1.00000,1.00000,1.00000,1.00000,1.00000,1.00000,1.00000,1.00000,1.00000,1.00000,0.99924,0.99387,0.98598,0.97785,0.97186,0.95425,0.89037,0.76546
24.40000,1.00000,1.00000,1.00000,1.00000,1.00000,1.00000,1.00000,1.00000,1.00000,1.00000,1.00000,0.99924,0.99387,0.98676,0.97864,0.97186,0.95588,0.89369,0.77148
24.60000,1.00000,1.00000,1.00000,1.00000,1.00000,1.00000,1.00000,1.00000,1.00000,1.00000,1.00000,0.99924,0.99387,0.98754,0.98101,0.97508,0.96160,0.90199,0.77921
24.80000,1.00000,1.00000,1.00000,1.00000,1.00000,1.00000,1.00000,1.00000,1.00000,1.00000,1.00000,0.99924,0.99387,0.98910,0.98339,0.97588,0.96487,0.90864,0.78522
25.00000,1.00000,1.00000,1.00000,1.00000,1.00000,1.00000,1.00000,1.00000,1.00000,1.00000,1.00000,0.99924,0.99387,0.98988,0.98418,0.97669,0.96650,0.90947,0.79296
25.20000,1.00000,1.00000,1.00000,1.00000,1.00000,1.00000,1.00000,1.00000,1.00000,1.00000,1.00000,0.99924,0.99463,0.98988,0.98497,0.97749,0.96977,0.91445,0.80670
25.40000,1.00000,1.00000,1.00000,1.00000,1.00000,1.00000,1.00000,1.00000,1.00000,1.00000,1.00000,0.99924,0.99540,0.98988,0.98497,0.97830,0.97304,0.91694,0.81186
25.60000,1.00000,1.00000,1.00000,1.00000,1.00000,1.00000,1.00000,1.00000,1.00000,1.00000,1.00000,0.99924,0.99617,0.98988,0.98655,0.97990,0.97631,0.92442,0.81615
25.80000,1.00000,1.00000,1.00000,1.00000,1.00000,1.00000,1.00000,1.00000,1.00000,1.00000,1.00000,0.99924,0.99617,0.98988,0.98655,0.98151,0.97794,0.92940,0.82904
26.00000,1.00000,1.00000,1.00000,1.00000,1.00000,1.00000,1.00000,1.00000,1.00000,1.00000,1.00000,0.99924,0.99693,0.99143,0.98813,0.98473,0.98284,0.93355,0.83935
26.20000,1.00000,1.00000,1.00000,1.00000,1.00000,1.00000,1.00000,1.00000,1.00000,1.00000,1.00000,0.99924,0.99693,0.99299,0.98972,0.98714,0.98448,0.94518,0.84192
26.40000,1.00000,1.00000,1.00000,1.00000,1.00000,1.00000,1.00000,1.00000,1.00000,1.00000,1.00000,0.99924,0.99693,0.99533,0.99130,0.98794,0.98529,0.94684,0.84966
26.60000,1.00000,1.00000,1.00000,1.00000,1.00000,1.00000,1.00000,1.00000,1.00000,1.00000,1.00000,0.99924,0.99693,0.99533,0.99130,0.98875,0.98693,0.95266,0.85567
26.80000,1.00000,1.00000,1.00000,1.00000,1.00000,1.00000,1.00000,1.00000,1.00000,1.00000,1.00000,0.99924,0.99693,0.99611,0.99367,0.99035,0.98938,0.95847,0.85997
27.00000,1.00000,1.00000,1.00000,1.00000,1.00000,1.00000,1.00000,1.00000,1.00000,1.00000,1.00000,0.99924,0.99770,0.99611,0.99367,0.99116,0.99101,0.96346,0.86426
27.20000,1.00000,1.00000,1.00000,1.00000,1.00000,1.00000,1.00000,1.00000,1.00000,1.00000,1.00000,0.99924,0.99770,0.99611,0.99367,0.99196,0.99183,0.96678,0.86770
27.40000,1.00000,1.00000,1.00000,1.00000,1.00000,1.00000,1.00000,1.00000,1.00000,1.00000,1.00000,0.99924,0.99770,0.99688,0.99446,0.99277,0.99265,0.96844,0.87457
27.60000,1.00000,1.00000,1.00000,1.00000,1.00000,1.00000,1.00000,1.00000,1.00000,1.00000,1.00000,0.99924,0.99770,0.99688,0.99525,0.99277,0.99265,0.97176,0.87715
27.80000,1.00000,1.00000,1.00000,1.00000,1.00000,1.00000,1.00000,1.00000,1.00000,1.00000,1.00000,0.99924,0.99847,0.99688,0.99525,0.99277,0.99265,0.97591,0.88058
28.00000,1.00000,1.00000,1.00000,1.00000,1.00000,1.00000,1.00000,1.00000,1.00000,1.00000,1.00000,0.99924,0.99923,0.99688,0.99525,0.99357,0.99346,0.98007,0.88488
28.20000,1.00000,1.00000,1.00000,1.00000,1.00000,1.00000,1.00000,1.00000,1.00000,1.00000,1.00000,1.00000,0.99923,0.99688,0.99604,0.99437,0.99428,0.98090,0.88918
28.40000,1.00000,1.00000,1.00000,1.00000,1.00000,1.00000,1.00000,1.00000,1.00000,1.00000,1.00000,1.00000,0.99923,0.99844,0.99842,0.99759,0.99755,0.98505,0.89777
28.60000,1.00000,1.00000,1.00000,1.00000,1.00000,1.00000,1.00000,1.00000,1.00000,1.00000,1.00000,1.00000,0.99923,0.99922,0.99921,0.99920,0.99918,0.98920,0.90206
28.80000,1.00000,1.00000,1.00000,1.00000,1.00000,1.00000,1.00000,1.00000,1.00000,1.00000,1.00000,1.00000,0.99923,0.99922,0.99921,0.99920,0.99918,0.99169,0.90464
29.00000,1.00000,1.00000,1.00000,1.00000,1.00000,1.00000,1.00000,1.00000,1.00000,1.00000,1.00000,1.00000,0.99923,0.99922,0.99921,0.99920,0.99918,0.99419,0.90893
29.20000,1.00000,1.00000,1.00000,1.00000,1.00000,1.00000,1.00000,1.00000,1.00000,1.00000,1.00000,1.00000,0.99923,0.99922,0.99921,0.99920,0.99918,0.99502,0.91581
29.40000,1.00000,1.00000,1.00000,1.00000,1.00000,1.00000,1.00000,1.00000,1.00000,1.00000,1.00000,1.00000,0.99923,0.99922,0.99921,0.99920,0.99918,0.99502,0.92010
29.60000,1.00000,1.00000,1.00000,1.00000,1.00000,1.00000,1.00000,1.00000,1.00000,1.00000,1.00000,1.00000,0.99923,0.99922,0.99921,0.99920,0.99918,0.99585,0.92268
29.80000,1.00000,1.00000,1.00000,1.00000,1.00000,1.00000,1.00000,1.00000,1.00000,1.00000,1.00000,1.00000,0.99923,0.99922,0.99921,0.99920,0.99918,0.99585,0.92784
30.00000,1.00000,1.00000,1.00000,1.00000,1.00000,1.00000,1.00000,1.00000,1.00000,1.00000,1.00000,1.00000,0.99923,0.99922,0.99921,0.99920,0.99918,0.99668,0.93385
30.20000,1.00000,1.00000,1.00000,1.00000,1.00000,1.00000,1.00000,1.00000,1.00000,1.00000,1.00000,1.00000,0.99923,0.99922,0.99921,0.99920,0.99918,0.99751,0.93557
30.40000,1.00000,1.00000,1.00000,1.00000,1.00000,1.00000,1.00000,1.00000,1.00000,1.00000,1.00000,1.00000,0.99923,0.99922,0.99921,0.99920,0.99918,0.99917,0.93814
30.60000,1.00000,1.00000,1.00000,1.00000,1.00000,1.00000,1.00000,1.00000,1.00000,1.00000,1.00000,1.00000,0.99923,0.99922,0.99921,0.99920,0.99918,0.99917,0.94072
30.80000,1.00000,1.00000,1.00000,1.00000,1.00000,1.00000,1.00000,1.00000,1.00000,1.00000,1.00000,1.00000,0.99923,0.99922,0.99921,0.99920,0.99918,0.99917,0.94759
31.00000,1.00000,1.00000,1.00000,1.00000,1.00000,1.00000,1.00000,1.00000,1.00000,1.00000,1.00000,1.00000,0.99923,0.99922,0.99921,0.99920,0.99918,0.99917,0.95017
31.20000,1.00000,1.00000,1.00000,1.00000,1.00000,1.00000,1.00000,1.00000,1.00000,1.00000,1.00000,1.00000,0.99923,0.99922,0.99921,0.99920,0.99918,0.99917,0.95533
31.40000,1.00000,1.00000,1.00000,1.00000,1.00000,1.00000,1.00000,1.00000,1.00000,1.00000,1.00000,1.00000,0.99923,0.99922,0.99921,0.99920,0.99918,0.99917,0.95704
31.60000,1.00000,1.00000,1.00000,1.00000,1.00000,1.00000,1.00000,1.00000,1.00000,1.00000,1.00000,1.00000,0.99923,0.99922,0.99921,0.99920,0.99918,0.99917,0.95704
31.80000,1.00000,1.00000,1.00000,1.00000,1.00000,1.00000,1.00000,1.00000,1.00000,1.00000,1.00000,1.00000,0.99923,0.99922,0.99921,0.99920,0.99918,0.99917,0.96048
32.00000,1.00000,1.00000,1.00000,1.00000,1.00000,1.00000,1.00000,1.00000,1.00000,1.00000,1.00000,1.00000,0.99923,0.99922,0.99921,0.99920,0.99918,0.99917,0.96478
32.20000,1.00000,1.00000,1.00000,1.00000,1.00000,1.00000,1.00000,1.00000,1.00000,1.00000,1.00000,1.00000,0.99923,0.99922,0.99921,0.99920,0.99918,0.99917,0.96735
32.40000,1.00000,1.00000,1.00000,1.00000,1.00000,1.00000,1.00000,1.00000,1.00000,1.00000,1.00000,1.00000,0.99923,0.99922,0.99921,0.99920,0.99918,0.99917,0.97165
32.60000,1.00000,1.00000,1.00000,1.00000,1.00000,1.00000,1.00000,1.00000,1.00000,1.00000,1.00000,1.00000,0.99923,0.99922,0.99921,0.99920,0.99918,0.99917,0.97337
32.80000,1.00000,1.00000,1.00000,1.00000,1.00000,1.00000,1.00000,1.00000,1.00000,1.00000,1.00000,1.00000,1.00000,0.99922,0.99921,0.99920,0.99918,0.99917,0.97680
33.00000,1.00000,1.00000,1.00000,1.00000,1.00000,1.00000,1.00000,1.00000,1.00000,1.00000,1.00000,1.00000,1.00000,0.99922,0.99921,0.99920,0.99918,0.99917,0.97680
33.20000,1.00000,1.00000,1.00000,1.00000,1.00000,1.00000,1.00000,1.00000,1.00000,1.00000,1.00000,1.00000,1.00000,1.00000,1.00000,1.00000,1.00000,0.99917,0.97852
33.40000,1.00000,1.00000,1.00000,1.00000,1.00000,1.00000,1.00000,1.00000,1.00000,1.00000,1.00000,1.00000,1.00000,1.00000,1.00000,1.00000,1.00000,0.99917,0.98110
33.60000,1.00000,1.00000,1.00000,1.00000,1.00000,1.00000,1.00000,1.00000,1.00000,1.00000,1.00000,1.00000,1.00000,1.00000,1.00000,1.00000,1.00000,0.99917,0.98454
33.80000,1.00000,1.00000,1.00000,1.00000,1.00000,1.00000,1.00000,1.00000,1.00000,1.00000,1.00000,1.00000,1.00000,1.00000,1.00000,1.00000,1.00000,0.99917,0.98454
34.00000,1.00000,1.00000,1.00000,1.00000,1.00000,1.00000,1.00000,1.00000,1.00000,1.00000,1.00000,1.00000,1.00000,1.00000,1.00000,1.00000,1.00000,1.00000,0.98625
34.20000,1.00000,1.00000,1.00000,1.00000,1.00000,1.00000,1.00000,1.00000,1.00000,1.00000,1.00000,1.00000,1.00000,1.00000,1.00000,1.00000,1.00000,1.00000,0.98625
34.40000,1.00000,1.00000,1.00000,1.00000,1.00000,1.00000,1.00000,1.00000,1.00000,1.00000,1.00000,1.00000,1.00000,1.00000,1.00000,1.00000,1.00000,1.00000,0.98969
34.60000,1.00000,1.00000,1.00000,1.00000,1.00000,1.00000,1.00000,1.00000,1.00000,1.00000,1.00000,1.00000,1.00000,1.00000,1.00000,1.00000,1.00000,1.00000,0.99227
34.80000,1.00000,1.00000,1.00000,1.00000,1.00000,1.00000,1.00000,1.00000,1.00000,1.00000,1.00000,1.00000,1.00000,1.00000,1.00000,1.00000,1.00000,1.00000,0.99313
35.00000,1.00000,1.00000,1.00000,1.00000,1.00000,1.00000,1.00000,1.00000,1.00000,1.00000,1.00000,1.00000,1.00000,1.00000,1.00000,1.00000,1.00000,1.00000,0.99313
35.20000,1.00000,1.00000,1.00000,1.00000,1.00000,1.00000,1.00000,1.00000,1.00000,1.00000,1.00000,1.00000,1.00000,1.00000,1.00000,1.00000,1.00000,1.00000,0.99399
35.40000,1.00000,1.00000,1.00000,1.00000,1.00000,1.00000,1.00000,1.00000,1.00000,1.00000,1.00000,1.00000,1.00000,1.00000,1.00000,1.00000,1.00000,1.00000,0.99656
35.60000,1.00000,1.00000,1.00000,1.00000,1.00000,1.00000,1.00000,1.00000,1.00000,1.00000,1.00000,1.00000,1.00000,1.00000,1.00000,1.00000,1.00000,1.00000,0.99656
35.80000,1.00000,1.00000,1.00000,1.00000,1.00000,1.00000,1.00000,1.00000,1.00000,1.00000,1.00000,1.00000,1.00000,1.00000,1.00000,1.00000,1.00000,1.00000,0.99742
36.00000,1.00000,1.00000,1.00000,1.00000,1.00000,1.00000,1.00000,1.00000,1.00000,1.00000,1.00000,1.00000,1.00000,1.00000,1.00000,1.00000,1.00000,1.00000,0.99742
36.20000,1.00000,1.00000,1.00000,1.00000,1.00000,1.00000,1.00000,1.00000,1.00000,1.00000,1.00000,1.00000,1.00000,1.00000,1.00000,1.00000,1.00000,1.00000,0.99742
36.40000,1.00000,1.00000,1.00000,1.00000,1.00000,1.00000,1.00000,1.00000,1.00000,1.00000,1.00000,1.00000,1.00000,1.00000,1.00000,1.00000,1.00000,1.00000,0.99742
36.60000,1.00000,1.00000,1.00000,1.00000,1.00000,1.00000,1.00000,1.00000,1.00000,1.00000,1.00000,1.00000,1.00000,1.00000,1.00000,1.00000,1.00000,1.00000,0.99742
36.80000,1.00000,1.00000,1.00000,1.00000,1.00000,1.00000,1.00000,1.00000,1.00000,1.00000,1.00000,1.00000,1.00000,1.00000,1.00000,1.00000,1.00000,1.00000,0.99828
37.00000,1.00000,1.00000,1.00000,1.00000,1.00000,1.00000,1.00000,1.00000,1.00000,1.00000,1.00000,1.00000,1.00000,1.00000,1.00000,1.00000,1.00000,1.00000,0.99828
37.20000,1.00000,1.00000,1.00000,1.00000,1.00000,1.00000,1.00000,1.00000,1.00000,1.00000,1.00000,1.00000,1.00000,1.00000,1.00000,1.00000,1.00000,1.00000,0.99914
37.40000,1.00000,1.00000,1.00000,1.00000,1.00000,1.00000,1.00000,1.00000,1.00000,1.00000,1.00000,1.00000,1.00000,1.00000,1.00000,1.00000,1.00000,1.00000,0.99914
37.60000,1.00000,1.00000,1.00000,1.00000,1.00000,1.00000,1.00000,1.00000,1.00000,1.00000,1.00000,1.00000,1.00000,1.00000,1.00000,1.00000,1.00000,1.00000,0.99914
37.80000,1.00000,1.00000,1.00000,1.00000,1.00000,1.00000,1.00000,1.00000,1.00000,1.00000,1.00000,1.00000,1.00000,1.00000,1.00000,1.00000,1.00000,1.00000,0.99914
38.00000,1.00000,1.00000,1.00000,1.00000,1.00000,1.00000,1.00000,1.00000,1.00000,1.00000,1.00000,1.00000,1.00000,1.00000,1.00000,1.00000,1.00000,1.00000,0.99914
38.20000,1.00000,1.00000,1.00000,1.00000,1.00000,1.00000,1.00000,1.00000,1.00000,1.00000,1.00000,1.00000,1.00000,1.00000,1.00000,1.00000,1.00000,1.00000,0.99914
38.40000,1.00000,1.00000,1.00000,1.00000,1.00000,1.00000,1.00000,1.00000,1.00000,1.00000,1.00000,1.00000,1.00000,1.00000,1.00000,1.00000,1.00000,1.00000,0.99914
38.60000,1.00000,1.00000,1.00000,1.00000,1.00000,1.00000,1.00000,1.00000,1.00000,1.00000,1.00000,1.00000,1.00000,1.00000,1.00000,1.00000,1.00000,1.00000,0.99914
38.80000,1.00000,1.00000,1.00000,1.00000,1.00000,1.00000,1.00000,1.00000,1.00000,1.00000,1.00000,1.00000,1.00000,1.00000,1.00000,1.00000,1.00000,1.00000,0.99914
39.00000,1.00000,1.00000,1.00000,1.00000,1.00000,1.00000,1.00000,1.00000,1.00000,1.00000,1.00000,1.00000,1.00000,1.00000,1.00000,1.00000,1.00000,1.00000,0.99914
39.20000,1.00000,1.00000,1.00000,1.00000,1.00000,1.00000,1.00000,1.00000,1.00000,1.00000,1.00000,1.00000,1.00000,1.00000,1.00000,1.00000,1.00000,1.00000,0.99914
39.40000,1.00000,1.00000,1.00000,1.00000,1.00000,1.00000,1.00000,1.00000,1.00000,1.00000,1.00000,1.00000,1.00000,1.00000,1.00000,1.00000,1.00000,1.00000,1.00000
39.60000,1.00000,1.00000,1.00000,1.00000,1.00000,1.00000,1.00000,1.00000,1.00000,1.00000,1.00000,1.00000,1.00000,1.00000,1.00000,1.00000,1.00000,1.00000,1.00000
39.80000,1.00000,1.00000,1.00000,1.00000,1.00000,1.00000,1.00000,1.00000,1.00000,1.00000,1.00000,1.00000,1.00000,1.00000,1.00000,1.00000,1.00000,1.00000,1.00000
40.00000,1.00000,1.00000,1.00000,1.00000,1.00000,1.00000,1.00000,1.00000,1.00000,1.00000,1.00000,1.00000,1.00000,1.00000,1.00000,1.00000,1.00000,1.00000,1.00000
40.20000,1.00000,1.00000,1.00000,1.00000,1.00000,1.00000,1.00000,1.00000,1.00000,1.00000,1.00000,1.00000,1.00000,1.00000,1.00000,1.00000,1.00000,1.00000,1.00000
40.40000,1.00000,1.00000,1.00000,1.00000,1.00000,1.00000,1.00000,1.00000,1.00000,1.00000,1.00000,1.00000,1.00000,1.00000,1.00000,1.00000,1.00000,1.00000,1.00000
40.60000,1.00000,1.00000,1.00000,1.00000,1.00000,1.00000,1.00000,1.00000,1.00000,1.00000,1.00000,1.00000,1.00000,1.00000,1.00000,1.00000,1.00000,1.00000,1.00000
40.80000,1.00000,1.00000,1.00000,1.00000,1.00000,1.00000,1.00000,1.00000,1.00000,1.00000,1.00000,1.00000,1.00000,1.00000,1.00000,1.00000,1.00000,1.00000,1.00000
41.00000,1.00000,1.00000,1.00000,1.00000,1.00000,1.00000,1.00000,1.00000,1.00000,1.00000,1.00000,1.00000,1.00000,1.00000,1.00000,1.00000,1.00000,1.00000,1.00000
41.20000,1.00000,1.00000,1.00000,1.00000,1.00000,1.00000,1.00000,1.00000,1.00000,1.00000,1.00000,1.00000,1.00000,1.00000,1.00000,1.00000,1.00000,1.00000,1.00000
41.40000,1.00000,1.00000,1.00000,1.00000,1.00000,1.00000,1.00000,1.00000,1.00000,1.00000,1.00000,1.00000,1.00000,1.00000,1.00000,1.00000,1.00000,1.00000,1.00000
41.60000,1.00000,1.00000,1.00000,1.00000,1.00000,1.00000,1.00000,1.00000,1.00000,1.00000,1.00000,1.00000,1.00000,1.00000,1.00000,1.00000,1.00000,1.00000,1.00000
41.80000,1.00000,1.00000,1.00000,1.00000,1.00000,1.00000,1.00000,1.00000,1.00000,1.00000,1.00000,1.00000,1.00000,1.00000,1.00000,1.00000,1.00000,1.00000,1.00000
42.00000,1.00000,1.00000,1.00000,1.00000,1.00000,1.00000,1.00000,1.00000,1.00000,1.00000,1.00000,1.00000,1.00000,1.00000,1.00000,1.00000,1.00000,1.00000,1.00000
42.20000,1.00000,1.00000,1.00000,1.00000,1.00000,1.00000,1.00000,1.00000,1.00000,1.00000,1.00000,1.00000,1.00000,1.00000,1.00000,1.00000,1.00000,1.00000,1.00000
42.40000,1.00000,1.00000,1.00000,1.00000,1.00000,1.00000,1.00000,1.00000,1.00000,1.00000,1.00000,1.00000,1.00000,1.00000,1.00000,1.00000,1.00000,1.00000,1.00000
42.60000,1.00000,1.00000,1.00000,1.00000,1.00000,1.00000,1.00000,1.00000,1.00000,1.00000,1.00000,1.00000,1.00000,1.00000,1.00000,1.00000,1.00000,1.00000,1.00000
42.80000,1.00000,1.00000,1.00000,1.00000,1.00000,1.00000,1.00000,1.00000,1.00000,1.00000,1.00000,1.00000,1.00000,1.00000,1.00000,1.00000,1.00000,1.00000,1.00000
43.00000,1.00000,1.00000,1.00000,1.00000,1.00000,1.00000,1.00000,1.00000,1.00000,1.00000,1.00000,1.00000,1.00000,1.00000,1.00000,1.00000,1.00000,1.00000,1.00000
43.20000,1.00000,1.00000,1.00000,1.00000,1.00000,1.00000,1.00000,1.00000,1.00000,1.00000,1.00000,1.00000,1.00000,1.00000,1.00000,1.00000,1.00000,1.00000,1.00000
43.40000,1.00000,1.00000,1.00000,1.00000,1.00000,1.00000,1.00000,1.00000,1.00000,1.00000,1.00000,1.00000,1.00000,1.00000,1.00000,1.00000,1.00000,1.00000,1.00000
43.60000,1.00000,1.00000,1.00000,1.00000,1.00000,1.00000,1.00000,1.00000,1.00000,1.00000,1.00000,1.00000,1.00000,1.00000,1.00000,1.00000,1.00000,1.00000,1.00000
43.80000,1.00000,1.00000,1.00000,1.00000,1.00000,1.00000,1.00000,1.00000,1.00000,1.00000,1.00000,1.00000,1.00000,1.00000,1.00000,1.00000,1.00000,1.00000,1.00000
44.00000,1.00000,1.00000,1.00000,1.00000,1.00000,1.00000,1.00000,1.00000,1.00000,1.00000,1.00000,1.00000,1.00000,1.00000,1.00000,1.00000,1.00000,1.00000,1.00000
44.20000,1.00000,1.00000,1.00000,1.00000,1.00000,1.00000,1.00000,1.00000,1.00000,1.00000,1.00000,1.00000,1.00000,1.00000,1.00000,1.00000,1.00000,1.00000,1.00000
44.40000,1.00000,1.00000,1.00000,1.00000,1.00000,1.00000,1.00000,1.00000,1.00000,1.00000,1.00000,1.00000,1.00000,1.00000,1.00000,1.00000,1.00000,1.00000,1.00000
44.60000,1.00000,1.00000,1.00000,1.00000,1.00000,1.00000,1.00000,1.00000,1.00000,1.00000,1.00000,1.00000,1.00000,1.00000,1.00000,1.00000,1.00000,1.00000,1.00000
44.80000,1.00000,1.00000,1.00000,1.00000,1.00000,1.00000,1.00000,1.00000,1.00000,1.00000,1.00000,1.00000,1.00000,1.00000,1.00000,1.00000,1.00000,1.00000,1.00000
45.00000,1.00000,1.00000,1.00000,1.00000,1.00000,1.00000,1.00000,1.00000,1.00000,1.00000,1.00000,1.00000,1.00000,1.00000,1.00000,1.00000,1.00000,1.00000,1.00000
45.20000,1.00000,1.00000,1.00000,1.00000,1.00000,1.00000,1.00000,1.00000,1.00000,1.00000,1.00000,1.00000,1.00000,1.00000,1.00000,1.00000,1.00000,1.00000,1.00000
45.40000,1.00000,1.00000,1.00000,1.00000,1.00000,1.00000,1.00000,1.00000,1.00000,1.00000,1.00000,1.00000,1.00000,1.00000,1.00000,1.00000,1.00000,1.00000,1.00000
45.60000,1.00000,1.00000,1.00000,1.00000,1.00000,1.00000,1.00000,1.00000,1.00000,1.00000,1.00000,1.00000,1.00000,1.00000,1.00000,1.00000,1.00000,1.00000,1.00000
45.80000,1.00000,1.00000,1.00000,1.00000,1.00000,1.00000,1.00000,1.00000,1.00000,1.00000,1.00000,1.00000,1.00000,1.00000,1.00000,1.00000,1.00000,1.00000,1.00000
46.00000,1.00000,1.00000,1.00000,1.00000,1.00000,1.00000,1.00000,1.00000,1.00000,1.00000,1.00000,1.00000,1.00000,1.00000,1.00000,1.00000,1.00000,1.00000,1.00000
46.20000,1.00000,1.00000,1.00000,1.00000,1.00000,1.00000,1.00000,1.00000,1.00000,1.00000,1.00000,1.00000,1.00000,1.00000,1.00000,1.00000,1.00000,1.00000,1.00000
46.40000,1.00000,1.00000,1.00000,1.00000,1.00000,1.00000,1.00000,1.00000,1.00000,1.00000,1.00000,1.00000,1.00000,1.00000,1.00000,1.00000,1.00000,1.00000,1.00000
46.60000,1.00000,1.00000,1.00000,1.00000,1.00000,1.00000,1.00000,1.00000,1.00000,1.00000,1.00000,1.00000,1.00000,1.00000,1.00000,1.00000,1.00000,1.00000,1.00000
46.80000,1.00000,1.00000,1.00000,1.00000,1.00000,1.00000,1.00000,1.00000,1.00000,1.00000,1.00000,1.00000,1.00000,1.00000,1.00000,1.00000,1.00000,1.00000,1.00000
47.00000,1.00000,1.00000,1.00000,1.00000,1.00000,1.00000,1.00000,1.00000,1.00000,1.00000,1.00000,1.00000,1.00000,1.00000,1.00000,1.00000,1.00000,1.00000,1.00000
47.20000,1.00000,1.00000,1.00000,1.00000,1.00000,1.00000,1.00000,1.00000,1.00000,1.00000,1.00000,1.00000,1.00000,1.00000,1.00000,1.00000,1.00000,1.00000,1.00000
47.40000,1.00000,1.00000,1.00000,1.00000,1.00000,1.00000,1.00000,1.00000,1.00000,1.00000,1.00000,1.00000,1.00000,1.00000,1.00000,1.00000,1.00000,1.00000,1.00000
47.60000,1.00000,1.00000,1.00000,1.00000,1.00000,1.00000,1.00000,1.00000,1.00000,1.00000,1.00000,1.00000,1.00000,1.00000,1.00000,1.00000,1.00000,1.00000,1.00000
47.80000,1.00000,1.00000,1.00000,1.00000,1.00000,1.00000,1.00000,1.00000,1.00000,1.00000,1.00000,1.00000,1.00000,1.00000,1.00000,1.00000,1.00000,1.00000,1.00000
48.00000,1.00000,1.00000,1.00000,1.00000,1.00000,1.00000,1.00000,1.00000,1.00000,1.00000,1.00000,1.00000,1.00000,1.00000,1.00000,1.00000,1.00000,1.00000,1.00000
48.20000,1.00000,1.00000,1.00000,1.00000,1.00000,1.00000,1.00000,1.00000,1.00000,1.00000,1.00000,1.00000,1.00000,1.00000,1.00000,1.00000,1.00000,1.00000,1.00000
48.40000,1.00000,1.00000,1.00000,1.00000,1.00000,1.00000,1.00000,1.00000,1.00000,1.00000,1.00000,1.00000,1.00000,1.00000,1.00000,1.00000,1.00000,1.00000,1.00000
48.60000,1.00000,1.00000,1.00000,1.00000,1.00000,1.00000,1.00000,1.00000,1.00000,1.00000,1.00000,1.00000,1.00000,1.00000,1.00000,1.00000,1.00000,1.00000,1.00000
48.80000,1.00000,1.00000,1.00000,1.00000,1.00000,1.00000,1.00000,1.00000,1.00000,1.00000,1.00000,1.00000,1.00000,1.00000,1.00000,1.00000,1.00000,1.00000,1.00000
49.00000,1.00000,1.00000,1.00000,1.00000,1.00000,1.00000,1.00000,1.00000,1.00000,1.00000,1.00000,1.00000,1.00000,1.00000,1.00000,1.00000,1.00000,1.00000,1.00000
49.20000,1.00000,1.00000,1.00000,1.00000,1.00000,1.00000,1.00000,1.00000,1.00000,1.00000,1.00000,1.00000,1.00000,1.00000,1.00000,1.00000,1.00000,1.00000,1.00000
49.40000,1.00000,1.00000,1.00000,1.00000,1.00000,1.00000,1.00000,1.00000,1.00000,1.00000,1.00000,1.00000,1.00000,1.00000,1.00000,1.00000,1.00000,1.00000,1.00000
49.60000,1.00000,1.00000,1.00000,1.00000,1.00000,1.00000,1.00000,1.00000,1.00000,1.00000,1.00000,1.00000,1.00000,1.00000,1.00000,1.00000,1.00000,1.00000,1.00000
49.80000,1.00000,1.00000,1.00000,1.00000,1.00000,1.00000,1.00000,1.00000,1.00000,1.00000,1.00000,1.00000,1.00000,1.00000,1.00000,1.00000,1.00000,1.00000,1.00000
